{"count":1,"self":15.227441599999999,"total":93.710546799999989,"children":{"InitializeActuators":{"count":50,"self":0.0009968,"total":0.0009968,"children":null},"InitializeSensors":{"count":50,"self":0.0009964,"total":0.0009964,"children":null},"AgentSendState":{"count":37984,"self":0.20779129999999998,"total":17.5248041,"children":{"CollectObservations":{"count":189925,"self":0.2154601,"total":0.2154601,"children":null},"WriteActionMask":{"count":189925,"self":0.014959499999999999,"total":0.014959499999999999,"children":null},"RequestDecision":{"count":189925,"self":0.1558278,"total":17.0865932,"children":{"AgentInfo.ToProto":{"count":189925,"self":0.1329725,"total":16.9307654,"children":{"GenerateSensorData":{"count":189925,"self":16.7977936,"total":16.797792899999997,"children":null}}}}}}},"DecideAction":{"count":37984,"self":56.954656,"total":56.954658599999995,"children":null},"AgentAct":{"count":37984,"self":2.4468183999999997,"total":3.9589396999999997,"children":{"AgentInfo.ToProto":{"count":6076,"self":0.0233195,"total":1.5121213,"children":{"GenerateSensorData":{"count":6076,"self":1.4888017999999998,"total":1.4888017999999998,"children":null}}}}},"AgentInfo.ToProto":{"count":178,"self":0,"total":0.0417132,"children":{"GenerateSensorData":{"count":178,"self":0.0417132,"total":0.0417132,"children":null}}}},"gauges":{"HideAndSeek.CumulativeReward":{"count":6254,"max":0.972,"min":-2.94504428,"runningAverage":0.7792739,"value":0.911,"weightedAverage":0.9003507}},"metadata":{"timer_format_version":"0.1.0","start_time_seconds":"1748167052","unity_version":"2022.3.62f1","command_line_arguments":"C:\\Program Files\\Unity\\Hub\\Editor\\2022.3.62f1\\Editor\\Unity.exe -projectpath C:\\Users\\UsEr\\Desktop\\73WhenProject -useHub -hubIPC -cloudEnvironment production -licensingIpc LicenseClient-UsEr -hubSessionId 11efeb82-5657-4830-a488-a77651f2e28f -accessToken bWK1Zeq8Pl2r8SJClf1qFg_W1ZFb1y0mNW0WGRIYlVg011f","communication_protocol_version":"1.5.0","com.unity.ml-agents_version":"2.0.1","scene_name":"MlAgents","end_time_seconds":"1748167145"}}