{
    "name": "root",
    "metadata": {
        "timer_format_version": "0.1.0",
        "start_time_seconds": "1748165439",
        "python_version": "3.9.0 (tags/v3.9.0:9cf6752, Oct  5 2020, 15:34:40) [MSC v.1927 64 bit (AMD64)]",
        "command_line_arguments": "C:\\Users\\UsEr\\Desktop\\73WhenProject\\venv\\Scripts\\mlagents-learn --run-id=Partol2",
        "mlagents_version": "0.30.0",
        "mlagents_envs_version": "0.30.0",
        "communication_protocol_version": "1.5.0",
        "pytorch_version": "2.7.0+cpu",
        "numpy_version": "1.21.2",
        "end_time_seconds": "1748165488"
    },
    "total": 48.4493204,
    "count": 1,
    "self": 0.0030255999999937444,
    "children": {
        "run_training.setup": {
            "total": 0.01627219999999996,
            "count": 1,
            "self": 0.01627219999999996
        },
        "TrainerController.start_learning": {
            "total": 48.4300226,
            "count": 1,
            "self": 0.13372600000018053,
            "children": {
                "TrainerController._reset_env": {
                    "total": 6.3469329,
                    "count": 1,
                    "self": 6.3469329
                },
                "TrainerController.advance": {
                    "total": 41.89484199999982,
                    "count": 11211,
                    "self": 0.12090949999958411,
                    "children": {
                        "env_step": {
                            "total": 40.15548910000011,
                            "count": 11211,
                            "self": 34.867766200000254,
                            "children": {
                                "SubprocessEnvManager._take_step": {
                                    "total": 5.209925099999628,
                                    "count": 11211,
                                    "self": 0.425228999999705,
                                    "children": {
                                        "TorchPolicy.evaluate": {
                                            "total": 4.784696099999923,
                                            "count": 11211,
                                            "self": 4.784696099999923
                                        }
                                    }
                                },
                                "workers": {
                                    "total": 0.07779780000023084,
                                    "count": 11210,
                                    "self": 0.0,
                                    "children": {
                                        "worker_root": {
                                            "total": 40.60422699999981,
                                            "count": 11210,
                                            "is_parallel": true,
                                            "self": 13.682147899999986,
                                            "children": {
                                                "steps_from_proto": {
                                                    "total": 0.000173600000000107,
                                                    "count": 1,
                                                    "is_parallel": true,
                                                    "self": 6.079999999908381e-05,
                                                    "children": {
                                                        "_process_rank_one_or_two_observation": {
                                                            "total": 0.00011280000000102319,
                                                            "count": 2,
                                                            "is_parallel": true,
                                                            "self": 0.00011280000000102319
                                                        }
                                                    }
                                                },
                                                "UnityEnvironment.step": {
                                                    "total": 26.921905499999824,
                                                    "count": 11210,
                                                    "is_parallel": true,
                                                    "self": 0.48974079999992526,
                                                    "children": {
                                                        "UnityEnvironment._generate_step_input": {
                                                            "total": 0.4166853999999809,
                                                            "count": 11210,
                                                            "is_parallel": true,
                                                            "self": 0.4166853999999809
                                                        },
                                                        "communicator.exchange": {
                                                            "total": 24.862719400000138,
                                                            "count": 11210,
                                                            "is_parallel": true,
                                                            "self": 24.862719400000138
                                                        },
                                                        "steps_from_proto": {
                                                            "total": 1.1527598999997783,
                                                            "count": 11210,
                                                            "is_parallel": true,
                                                            "self": 0.4855183999999717,
                                                            "children": {
                                                                "_process_rank_one_or_two_observation": {
                                                                    "total": 0.6672414999998066,
                                                                    "count": 22420,
                                                                    "is_parallel": true,
                                                                    "self": 0.6672414999998066
                                                                }
                                                            }
                                                        }
                                                    }
                                                }
                                            }
                                        }
                                    }
                                }
                            }
                        },
                        "trainer_advance": {
                            "total": 1.6184434000001255,
                            "count": 11210,
                            "self": 0.16750819999971345,
                            "children": {
                                "process_trajectory": {
                                    "total": 0.4708119000004096,
                                    "count": 11210,
                                    "self": 0.4708119000004096
                                },
                                "_update_policy": {
                                    "total": 0.9801233000000025,
                                    "count": 1,
                                    "self": 0.7392769000000143,
                                    "children": {
                                        "TorchPPOOptimizer.update": {
                                            "total": 0.24084639999998814,
                                            "count": 30,